"taper_ratio"	"alphaRange"	"sweep"	"AR"	"CL"
0.4	10	35	28.571428571428573	0.8462660151132391
0.4	0	35	28.571428571428573	0.0
