"AR"	"CL_alpha"	"CD"
5000000000.0	6.220790266271182	4.6562143602188884e-17
