"AR"	"CL_alpha"	"CD"
100000.0	6.220788378470134	1.159207811175259e-07
