"AR"	"CL_alpha"	"CD"
5000000000.0	6.220790266271182	4.656214360218928e-17
