"AR"	"CL_alpha"	"CD"
100000.0	6.220788378470132	1.1592078111752427e-07
