"sweep"	"AR"	"CL_alpha"
0	1e-05	8.760176239454603e-05
0	0.5	0.7777437123770873
30	1e-05	8.760176239454756e-05
30	0.5	0.776469774223814
