"AR"	"CL"	"CD"	"CL_alpha"
50.92958178940651	1.0504608292147906	0.006621663944003664	6.0186972057820265
