"AR"	"CL"	"CL_alpha"
1	0.2658828047147352	1.5233962555255394
