"AR"	"CL"	"CD"	"CL_alpha"
13.4	0.934770852629694	0.019496835800937553	5.355842466752692
