"AR"	"CL"	"CL_alpha"
13.4	0.934770852629694	5.355842466752692
