"twist"	"CDi"	"e"
0	0.0026091449450356156	0.9980549092996731
