"twist"	"CDi"
0	0.00263287609218496
4	0.0031124987539171032
-4	0.0025757134410688163
