"twist"	"CDi"
0	0.0010224716368329304
-4	0.001006259075476297
4	0.0012212932999345605
