"twist"	"CDi"
0	0.002632876092184964
-4	0.0025757134410688224
4	0.0031124987539171136
